"TPTdataset","taxonID","scientificNameID","acceptedNameUsageID","parentNameUsageID","originalNameUsageID","nameAccordingToID","namePublishedInID","taxonConceptID","scientificName","acceptedNameUsage","parentNameUsage","originalNameUsage","nameAccordingTo","namePublishedIn","namePublishedInYear","higherClassification","kingdom","phylum","class","order","family","genus","subgenus","specificEpithet","infraspecificEpithet","taxonRank","verbatimTaxonRank","scientificNameAuthorship","vernacularName","nomenclaturalCode","taxonomicStatus","nomenclaturalStatus","taxonRemarks","subclass","superorder","suborder","infraorder","hyporder","superfamily","subfamily","tribe","subtribe","canonicalName"
"MITE","2",NA,NA,NA,NA,NA,NA,NA,"Arachnida",NA,NA,NA,NA,NA,NA,NA,NA,NA,"Arachnida",NA,NA,NA,NA,NA,NA,NA,NA,NA,NA,NA,NA,NA,NA,"Acari","Acariformes",NA,NA,NA,NA,NA,NA,NA,"Arachnida"
"MITE","36",NA,NA,NA,NA,NA,NA,NA,"Sarcoptiformes",NA,NA,NA,NA,NA,NA,NA,NA,NA,"Arachnida","Sarcoptiformes",NA,NA,NA,NA,NA,NA,NA,NA,NA,NA,NA,NA,NA,"Acari","Acariformes","Endeostigmata",NA,NA,NA,NA,NA,NA,"Sarcoptiformes"
"MITE","56",NA,NA,NA,NA,NA,NA,NA,"Sarcoptiformes Dugès, 1833",NA,NA,NA,NA,NA,NA,NA,NA,NA,"Arachnida","Sarcoptiformes",NA,NA,NA,NA,NA,NA,NA,"Dugès, 1833",NA,NA,NA,NA,NA,"Acari","Acariformes","Oribatida",NA,NA,NA,NA,NA,NA,"Sarcoptiformes"
"MITE","58",NA,NA,NA,NA,NA,NA,NA,"Sarcoptiformes Canestrini, 1891",NA,NA,NA,NA,NA,NA,NA,NA,NA,"Arachnida","Sarcoptiformes",NA,NA,NA,NA,NA,NA,NA,"Canestrini, 1891",NA,NA,NA,NA,NA,"Acari","Acariformes","Oribatida","Desmonomata","Astigmata",NA,NA,NA,NA,"Desmonomata"
"MITE","73",NA,NA,NA,NA,NA,NA,NA,"Alloptes (Alloptes) Canestrini, 1879",NA,NA,NA,NA,NA,NA,NA,NA,NA,"Arachnida","Sarcoptiformes","Alloptidae","Alloptes","Alloptes",NA,NA,NA,NA,"Canestrini, 1879",NA,NA,NA,NA,NA,"Acari","Acariformes","Oribatida","Desmonomata","Astigmata","Analgoidea","Alloptinae",NA,NA,"Alloptes"
"MITE","379",NA,NA,NA,NA,NA,NA,NA,"Scutomegninia (Scutomegninia) Dubinin, 1956",NA,NA,NA,NA,NA,NA,NA,NA,NA,"Arachnida","Sarcoptiformes","Avenzoariidae","Scutomegninia","Scutomegninia",NA,NA,NA,NA,"Dubinin, 1956",NA,NA,NA,NA,NA,"Acari","Acariformes","Oribatida","Desmonomata","Astigmata","Analgoidea","Pandionacarinae",NA,NA,"Scutomegninia"
"MITE","631",NA,NA,NA,NA,NA,NA,NA,"Laminosioptes (Laminosioptes) Mégnin, 1880",NA,NA,NA,NA,NA,NA,NA,NA,NA,"Arachnida","Sarcoptiformes","Laminosioptidae","Laminosioptes","Laminosioptes",NA,NA,NA,NA,"Mégnin, 1880",NA,NA,NA,NA,NA,"Acari","Acariformes","Oribatida","Desmonomata","Astigmata","Analgoidea","Laminosioptinae",NA,NA,"Laminosioptes"
"MITE","1193",NA,NA,NA,NA,NA,NA,NA,"Sturnophagoides (Sturnophagoides) Fain, 1967",NA,NA,NA,NA,NA,NA,NA,NA,NA,"Arachnida","Sarcoptiformes","Pyroglyphidae","Sturnophagoides","Sturnophagoides",NA,NA,NA,NA,"Fain, 1967",NA,NA,NA,NA,NA,"Acari","Acariformes","Oribatida","Desmonomata","Astigmata","Analgoidea","Dermatophagoidinae",NA,NA,"Sturnophagoides"
"MITE","1491",NA,NA,NA,NA,NA,NA,NA,"Schoutedenocoptes (Schoutedenocoptes) Fain, 1956",NA,NA,NA,NA,NA,NA,NA,NA,NA,"Arachnida","Sarcoptiformes","Turbinoptidae","Schoutedenocoptes","Schoutedenocoptes",NA,NA,NA,NA,"Fain, 1956",NA,NA,NA,NA,NA,"Acari","Acariformes","Oribatida","Desmonomata","Astigmata","Analgoidea",NA,NA,NA,"Schoutedenocoptes"
"MITE","2084",NA,NA,NA,NA,NA,NA,NA,"Vandeinella Haitlinger, 1991",NA,NA,NA,NA,NA,NA,NA,NA,NA,"Arachnida","Sarcoptiformes","Canestriniidae","Vandeinella",NA,NA,NA,NA,NA,"Haitlinger, 1991",NA,NA,NA,NA,NA,"Acari","Acariformes","Oribatida","Desmonomata","Astigmata","Canestrinioidea",NA,NA,NA,"Vandeinella"
"MITE","2200",NA,NA,NA,NA,NA,NA,NA,"Neottialges (Neottialges) Fain, 1966",NA,NA,NA,NA,NA,NA,NA,NA,NA,"Arachnida","Sarcoptiformes","Hypoderatidae","Neottialges","Neottialges",NA,NA,NA,NA,"Fain, 1966",NA,NA,NA,NA,NA,"Acari","Acariformes","Oribatida","Desmonomata","Astigmata","Hypoderatoidea","Hypoderatinae",NA,NA,"Neottialges"
"MITE","2232",NA,NA,NA,NA,NA,NA,NA,"Phalacrodectes (Phalacrodectes) Fain, 1966",NA,NA,NA,NA,NA,NA,NA,NA,NA,"Arachnida","Sarcoptiformes","Hypoderatidae","Phalacrodectes","Phalacrodectes",NA,NA,NA,NA,"Fain, 1966",NA,NA,NA,NA,NA,"Acari","Acariformes","Oribatida","Desmonomata","Astigmata","Hypoderatoidea","Hypoderatinae",NA,NA,"Phalacrodectes"
"MITE","2254",NA,NA,NA,NA,NA,NA,NA,"Thalassornectes (Thalassornectes) Fain, 1966",NA,NA,NA,NA,NA,NA,NA,NA,NA,"Arachnida","Sarcoptiformes","Hypoderatidae","Thalassornectes","Thalassornectes",NA,NA,NA,NA,"Fain, 1966",NA,NA,NA,NA,NA,"Acari","Acariformes","Oribatida","Desmonomata","Astigmata","Hypoderatoidea","Hypoderatinae",NA,NA,"Thalassornectes"
"MITE","2263",NA,NA,NA,NA,NA,NA,NA,"Tytodectes (Tytodectes) Fain, 1966",NA,NA,NA,NA,NA,NA,NA,NA,NA,"Arachnida","Sarcoptiformes","Hypoderatidae","Tytodectes","Tytodectes",NA,NA,NA,NA,"Fain, 1966",NA,NA,NA,NA,NA,"Acari","Acariformes","Oribatida","Desmonomata","Astigmata","Hypoderatoidea","Hypoderatinae",NA,NA,"Tytodectes"
"MITE","2926",NA,NA,NA,NA,NA,NA,NA,"Cytostethum (Cytostethum) Domrow, 1956",NA,NA,NA,NA,NA,NA,NA,NA,NA,"Arachnida","Sarcoptiformes","Atopomelidae","Cytostethum","Cytostethum",NA,NA,NA,NA,"Domrow, 1956",NA,NA,NA,NA,NA,"Acari","Acariformes","Oribatida","Desmonomata","Astigmata","Sarcoptoidea",NA,NA,NA,"Cytostethum"
"MITE","2969",NA,NA,NA,NA,NA,NA,NA,"Dasyurochirus (Dasyurochirus) Fain, 1970",NA,NA,NA,NA,NA,NA,NA,NA,NA,"Arachnida","Sarcoptiformes","Atopomelidae","Dasyurochirus","Dasyurochirus",NA,NA,NA,NA,"Fain, 1970",NA,NA,NA,NA,NA,"Acari","Acariformes","Oribatida","Desmonomata","Astigmata","Sarcoptoidea",NA,NA,NA,"Dasyurochirus"
"MITE","3124",NA,NA,NA,NA,NA,NA,NA,"Listrophoroides (Listrophoroides) Hirst, 1923",NA,NA,NA,NA,NA,NA,NA,NA,NA,"Arachnida","Sarcoptiformes","Atopomelidae","Listrophoroides","Listrophoroides",NA,NA,NA,NA,"Hirst, 1923",NA,NA,NA,NA,NA,"Acari","Acariformes","Oribatida","Desmonomata","Astigmata","Sarcoptoidea",NA,NA,NA,"Listrophoroides"
"MITE","3711",NA,NA,NA,NA,NA,NA,NA,"Afrolistrophorus (Afrolistrophorus) Fain, 1970",NA,NA,NA,NA,NA,NA,NA,NA,NA,"Arachnida","Sarcoptiformes","Listrophoridae","Afrolistrophorus","Afrolistrophorus",NA,NA,NA,NA,"Fain, 1970",NA,NA,NA,NA,NA,"Acari","Acariformes","Oribatida","Desmonomata","Astigmata","Sarcoptoidea","Listrophorinae",NA,NA,"Afrolistrophorus"
"MITE","3770",NA,NA,NA,NA,NA,NA,NA,"Carnilistrophorus (Carnilistrophorus) Fain, 1980",NA,NA,NA,NA,NA,NA,NA,NA,NA,"Arachnida","Sarcoptiformes","Listrophoridae","Carnilistrophorus","Carnilistrophorus",NA,NA,NA,NA,"Fain, 1980",NA,NA,NA,NA,NA,"Acari","Acariformes","Oribatida","Desmonomata","Astigmata","Sarcoptoidea","Listrophorinae",NA,NA,"Carnilistrophorus"
"MITE","3786",NA,NA,NA,NA,NA,NA,NA,"Geomylichus (Geomylichus) Fain, 1987",NA,NA,NA,NA,NA,NA,NA,NA,NA,"Arachnida","Sarcoptiformes","Listrophoridae","Geomylichus","Geomylichus",NA,NA,NA,NA,"Fain, 1987",NA,NA,NA,NA,NA,"Acari","Acariformes","Oribatida","Desmonomata","Astigmata","Sarcoptoidea","Listrophorinae",NA,NA,"Geomylichus"
"MITE","3819",NA,NA,NA,NA,NA,NA,NA,"Leporacarus (Leporacarus) Fain, 1970",NA,NA,NA,NA,NA,NA,NA,NA,NA,"Arachnida","Sarcoptiformes","Listrophoridae","Leporacarus","Leporacarus",NA,NA,NA,NA,"Fain, 1970",NA,NA,NA,NA,NA,"Acari","Acariformes","Oribatida","Desmonomata","Astigmata","Sarcoptoidea","Listrophorinae",NA,NA,"Leporacarus"
"MITE","3847",NA,NA,NA,NA,NA,NA,NA,"Lynxacarus (Lynxacarus) Radford, 1951",NA,NA,NA,NA,NA,NA,NA,NA,NA,"Arachnida","Sarcoptiformes","Listrophoridae","Lynxacarus","Lynxacarus",NA,NA,NA,NA,"Radford, 1951",NA,NA,NA,NA,NA,"Acari","Acariformes","Oribatida","Desmonomata","Astigmata","Sarcoptoidea","Listrophorinae",NA,NA,"Lynxacarus"
"MITE","3867",NA,NA,NA,NA,NA,NA,NA,"Olistrophorus (Olistrophorus) (McDaniel & Whitaker, 1972)",NA,NA,NA,NA,NA,NA,NA,NA,NA,"Arachnida","Sarcoptiformes","Listrophoridae","Olistrophorus","Olistrophorus",NA,NA,NA,NA,"(McDaniel & Whitaker, 1972)",NA,NA,NA,NA,NA,"Acari","Acariformes","Oribatida","Desmonomata","Astigmata","Sarcoptoidea","Listrophorinae",NA,NA,"Olistrophorus"
"MITE","3896",NA,NA,NA,NA,NA,NA,NA,"Prolistrophorus (Prolistrophorus) Fain, 1970",NA,NA,NA,NA,NA,NA,NA,NA,NA,"Arachnida","Sarcoptiformes","Listrophoridae","Prolistrophorus","Prolistrophorus",NA,NA,NA,NA,"Fain, 1970",NA,NA,NA,NA,NA,"Acari","Acariformes","Oribatida","Desmonomata","Astigmata","Sarcoptoidea","Listrophorinae",NA,NA,"Prolistrophorus"
"MITE","3977",NA,NA,NA,NA,NA,NA,NA,"Myocoptes (Myocoptes) Claparede, 1869",NA,NA,NA,NA,NA,NA,NA,NA,NA,"Arachnida","Sarcoptiformes","Myocoptidae","Myocoptes","Myocoptes",NA,NA,NA,NA,"Claparede, 1869",NA,NA,NA,NA,NA,"Acari","Acariformes","Oribatida","Desmonomata","Astigmata","Sarcoptoidea",NA,NA,NA,"Myocoptes"
"MITE","4173",NA,NA,NA,NA,NA,NA,NA,"Chirnyssoides (Chirnyssoides) Fain, 1959",NA,NA,NA,NA,NA,NA,NA,NA,NA,"Arachnida","Sarcoptiformes","Sarcoptidae","Chirnyssoides","Chirnyssoides",NA,NA,NA,NA,"Fain, 1959",NA,NA,NA,NA,NA,"Acari","Acariformes","Oribatida","Desmonomata","Astigmata","Sarcoptoidea","Teinocoptinae",NA,NA,"Chirnyssoides"
"MITE","4213",NA,NA,NA,NA,NA,NA,NA,"Notoedres (Notoedres) Railliet, 1893",NA,NA,NA,NA,NA,NA,NA,NA,NA,"Arachnida","Sarcoptiformes","Sarcoptidae","Notoedres","Notoedres",NA,NA,NA,NA,"Railliet, 1893",NA,NA,NA,NA,NA,"Acari","Acariformes","Oribatida","Desmonomata","Astigmata","Sarcoptoidea","Teinocoptinae",NA,NA,"Notoedres"
"MITE","4292",NA,NA,NA,NA,NA,NA,NA,"Sarcoptiformes Hull, 1918",NA,NA,NA,NA,NA,NA,NA,NA,NA,"Arachnida","Sarcoptiformes",NA,NA,NA,NA,NA,NA,NA,"Hull, 1918",NA,NA,NA,NA,NA,"Acari","Acariformes","Oribatida","Desmonomata","Brachypylina",NA,NA,NA,NA,"Desmonomata"
"MITE","4450",NA,NA,NA,NA,NA,NA,NA,"Sarcoptiformes van der Hammen, 1982",NA,NA,NA,NA,NA,NA,NA,NA,NA,"Arachnida","Sarcoptiformes",NA,NA,NA,NA,NA,NA,NA,"van der Hammen, 1982",NA,NA,NA,NA,NA,"Acari","Acariformes","Oribatida","Desmonomata","Nothrina",NA,NA,NA,NA,"Desmonomata"
"MITE","4515",NA,NA,NA,NA,NA,NA,NA,"Trombidiformes",NA,NA,NA,NA,NA,NA,NA,NA,NA,"Arachnida","Trombidiformes",NA,NA,NA,NA,NA,NA,NA,NA,NA,NA,NA,NA,NA,"Acari","Acariformes","Prostigmata",NA,NA,NA,NA,NA,NA,"Trombidiformes"
"MITE","4517",NA,NA,NA,NA,NA,NA,NA,"Trombidiformes Krantz, 1978",NA,NA,NA,NA,NA,NA,NA,NA,NA,"Arachnida","Trombidiformes",NA,NA,NA,NA,NA,NA,NA,"Krantz, 1978",NA,NA,NA,NA,NA,"Acari","Acariformes","Prostigmata","Anystina","Anystae",NA,NA,NA,NA,"Anystina"
"MITE","4531",NA,NA,NA,NA,NA,NA,NA,"Trombidiformes Oudemans, 1909",NA,NA,NA,NA,NA,NA,NA,NA,NA,"Arachnida","Trombidiformes",NA,NA,NA,NA,NA,NA,NA,"Oudemans, 1909",NA,NA,NA,NA,NA,"Acari","Acariformes","Prostigmata","Anystina","Parasitengona",NA,NA,NA,NA,"Anystina"
"MITE","4631",NA,NA,NA,NA,NA,NA,NA,"Trombidiformes Berlese, 1899",NA,NA,NA,NA,NA,NA,NA,NA,NA,"Arachnida","Trombidiformes",NA,NA,NA,NA,NA,NA,NA,"Berlese, 1899",NA,NA,NA,NA,NA,"Acari","Acariformes","Prostigmata","Eleutherengona","Heterostigmata",NA,NA,NA,NA,"Eleutherengona"
"MITE","4655",NA,NA,NA,NA,NA,NA,NA,"Trombidiformes Kethley, 1982",NA,NA,NA,NA,NA,NA,NA,NA,NA,"Arachnida","Trombidiformes",NA,NA,NA,NA,NA,NA,NA,"Kethley, 1982",NA,NA,NA,NA,NA,"Acari","Acariformes","Prostigmata","Eleutherengona","Raphignathina",NA,NA,NA,NA,"Eleutherengona"
"MITE","4659",NA,NA,NA,NA,NA,NA,NA,"Cheyletidae Volgin, 1969",NA,NA,NA,NA,NA,NA,NA,NA,NA,"Arachnida","Trombidiformes","Cheyletidae",NA,NA,NA,NA,NA,NA,"Volgin, 1969",NA,NA,NA,NA,NA,"Acari","Acariformes","Prostigmata","Eleutherengona","Raphignathina","Cheyletoidea","Cheyletiellinae","Cheyletiellini",NA,"Cheyletiellinae"
"MITE","4674",NA,NA,NA,NA,NA,NA,NA,"Cheyletidae Fain, 1972",NA,NA,NA,NA,NA,NA,NA,NA,NA,"Arachnida","Trombidiformes","Cheyletidae",NA,NA,NA,NA,NA,NA,"Fain, 1972",NA,NA,NA,NA,NA,"Acari","Acariformes","Prostigmata","Eleutherengona","Raphignathina","Cheyletoidea","Cheyletiellinae","Metacheuletiini",NA,"Cheyletiellinae"
"MITE","4681",NA,NA,NA,NA,NA,NA,NA,"Cheyletidae Volgin, 1969",NA,NA,NA,NA,NA,NA,NA,NA,NA,"Arachnida","Trombidiformes","Cheyletidae",NA,NA,NA,NA,NA,NA,"Volgin, 1969",NA,NA,NA,NA,NA,"Acari","Acariformes","Prostigmata","Eleutherengona","Raphignathina","Cheyletoidea","Cheyletiellinae","Ornithocheyletiini",NA,"Cheyletiellinae"
"MITE","4691",NA,NA,NA,NA,NA,NA,NA,"Bakericheyla (Bakericheyla) Volgin, 1966",NA,NA,NA,NA,NA,NA,NA,NA,NA,"Arachnida","Trombidiformes","Cheyletidae","Bakericheyla","Bakericheyla",NA,NA,NA,NA,"Volgin, 1966",NA,NA,NA,NA,NA,"Acari","Acariformes","Prostigmata","Eleutherengona","Raphignathina","Cheyletoidea","Cheyletiellinae","Ornithocheyletiini",NA,"Bakericheyla"
"MITE","4743",NA,NA,NA,NA,NA,NA,NA,"Cheyletidae Fain, 1974",NA,NA,NA,NA,NA,NA,NA,NA,NA,"Arachnida","Trombidiformes","Cheyletidae",NA,NA,NA,NA,NA,NA,"Fain, 1974",NA,NA,NA,NA,NA,"Acari","Acariformes","Prostigmata","Eleutherengona","Raphignathina","Cheyletoidea","Cheyletiellinae","Teinocheylini",NA,"Cheyletiellinae"
"MITE","4813",NA,NA,NA,NA,NA,NA,NA,"Cheyletidae Volgin, 1969",NA,NA,NA,NA,NA,NA,NA,NA,NA,"Arachnida","Trombidiformes","Cheyletidae",NA,NA,NA,NA,NA,NA,"Volgin, 1969",NA,NA,NA,NA,NA,"Acari","Acariformes","Prostigmata","Eleutherengona","Raphignathina","Cheyletoidea","Cheyletinae","Bakini",NA,"Cheyletinae"
"MITE","4827",NA,NA,NA,NA,NA,NA,NA,"Cheyletidae Volgin, 1969",NA,NA,NA,NA,NA,NA,NA,NA,NA,"Arachnida","Trombidiformes","Cheyletidae",NA,NA,NA,NA,NA,NA,"Volgin, 1969",NA,NA,NA,NA,NA,"Acari","Acariformes","Prostigmata","Eleutherengona","Raphignathina","Cheyletoidea","Cheyletinae","Cheletogenini",NA,"Cheyletinae"
"MITE","4856",NA,NA,NA,NA,NA,NA,NA,"Prosocheyla (Prosocheyla) Volgin, 1969",NA,NA,NA,NA,NA,NA,NA,NA,NA,"Arachnida","Trombidiformes","Cheyletidae","Prosocheyla","Prosocheyla",NA,NA,NA,NA,"Volgin, 1969",NA,NA,NA,NA,NA,"Acari","Acariformes","Prostigmata","Eleutherengona","Raphignathina","Cheyletoidea","Cheyletinae","Cheletogenini",NA,"Prosocheyla"
"MITE","4866",NA,NA,NA,NA,NA,NA,NA,"Cheyletidae Bochkov & Fain, 2001",NA,NA,NA,NA,NA,NA,NA,NA,NA,"Arachnida","Trombidiformes","Cheyletidae",NA,NA,NA,NA,NA,NA,"Bochkov & Fain, 2001",NA,NA,NA,NA,NA,"Acari","Acariformes","Prostigmata","Eleutherengona","Raphignathina","Cheyletoidea","Cheyletinae","Cheletomorphini",NA,"Cheyletinae"
"MITE","4886",NA,NA,NA,NA,NA,NA,NA,"Cheyletidae Volgin, 1969",NA,NA,NA,NA,NA,NA,NA,NA,NA,"Arachnida","Trombidiformes","Cheyletidae",NA,NA,NA,NA,NA,NA,"Volgin, 1969",NA,NA,NA,NA,NA,"Acari","Acariformes","Prostigmata","Eleutherengona","Raphignathina","Cheyletoidea","Cheyletinae","Cheletosomatini",NA,"Cheyletinae"
"MITE","4918",NA,NA,NA,NA,NA,NA,NA,"Cheyletidae Volgin, 1969",NA,NA,NA,NA,NA,NA,NA,NA,NA,"Arachnida","Trombidiformes","Cheyletidae",NA,NA,NA,NA,NA,NA,"Volgin, 1969",NA,NA,NA,NA,NA,"Acari","Acariformes","Prostigmata","Eleutherengona","Raphignathina","Cheyletoidea","Cheyletinae","Chelonotini",NA,"Cheyletinae"
"MITE","4927",NA,NA,NA,NA,NA,NA,NA,"Cheyletidae Volgin, 1969",NA,NA,NA,NA,NA,NA,NA,NA,NA,"Arachnida","Trombidiformes","Cheyletidae",NA,NA,NA,NA,NA,NA,"Volgin, 1969",NA,NA,NA,NA,NA,"Acari","Acariformes","Prostigmata","Eleutherengona","Raphignathina","Cheyletoidea","Cheyletinae","Cheyletiini",NA,"Cheyletinae"
"MITE","4999",NA,NA,NA,NA,NA,NA,NA,"Cheyletidae Leach, 1815",NA,NA,NA,NA,NA,NA,NA,NA,NA,"Arachnida","Trombidiformes","Cheyletidae",NA,NA,NA,NA,NA,NA,"Leach, 1815",NA,NA,NA,NA,NA,"Acari","Acariformes","Prostigmata","Eleutherengona","Raphignathina","Cheyletoidea","Cheyletinae","Cheyletini",NA,"Cheyletinae"
"MITE","5020",NA,NA,NA,NA,NA,NA,NA,"Cheletomimus (Cheletomimus) Oudemans, 1904",NA,NA,NA,NA,NA,NA,NA,NA,NA,"Arachnida","Trombidiformes","Cheyletidae","Cheletomimus","Cheletomimus",NA,NA,NA,NA,"Oudemans, 1904",NA,NA,NA,NA,NA,"Acari","Acariformes","Prostigmata","Eleutherengona","Raphignathina","Cheyletoidea","Cheyletinae","Cheyletini",NA,"Cheletomimus"
"MITE","5190",NA,NA,NA,NA,NA,NA,NA,"Nodele (Nodele) Muma, 1964",NA,NA,NA,NA,NA,NA,NA,NA,NA,"Arachnida","Trombidiformes","Cheyletidae","Nodele","Nodele",NA,NA,NA,NA,"Muma, 1964",NA,NA,NA,NA,NA,"Acari","Acariformes","Prostigmata","Eleutherengona","Raphignathina","Cheyletoidea","Cheyletinae","Cheyletini",NA,"Nodele"
"MITE","5213",NA,NA,NA,NA,NA,NA,NA,"Cheyletidae Smiley, 1977",NA,NA,NA,NA,NA,NA,NA,NA,NA,"Arachnida","Trombidiformes","Cheyletidae",NA,NA,NA,NA,NA,NA,"Smiley, 1977",NA,NA,NA,NA,NA,"Acari","Acariformes","Prostigmata","Eleutherengona","Raphignathina","Cheyletoidea","Cheyletinae","Niheliini",NA,"Cheyletinae"
"MITE","5362",NA,NA,NA,NA,NA,NA,NA,"Harpirhynchidae Dubinin, 1957",NA,NA,NA,NA,NA,NA,NA,NA,NA,"Arachnida","Trombidiformes","Harpirhynchidae",NA,NA,NA,NA,NA,NA,"Dubinin, 1957",NA,NA,NA,NA,NA,"Acari","Acariformes","Prostigmata","Eleutherengona","Raphignathina","Cheyletoidea","Harpirhynchinae","Harpirhynchini",NA,"Harpirhynchinae"
"MITE","5486",NA,NA,NA,NA,NA,NA,NA,"Harpirhynchidae Fain, 1972",NA,NA,NA,NA,NA,NA,NA,NA,NA,"Arachnida","Trombidiformes","Harpirhynchidae",NA,NA,NA,NA,NA,NA,"Fain, 1972",NA,NA,NA,NA,NA,"Acari","Acariformes","Prostigmata","Eleutherengona","Raphignathina","Cheyletoidea","Harpirhynchinae","Perharpyrhynchini",NA,"Harpirhynchinae"
"MITE","6113",NA,NA,NA,NA,NA,NA,NA,"Archemyobia (Archemyobia) Jameson, 1955",NA,NA,NA,NA,NA,NA,NA,NA,NA,"Arachnida","Trombidiformes","Myobiidae","Archemyobia","Archemyobia",NA,NA,NA,NA,"Jameson, 1955",NA,NA,NA,NA,NA,"Acari","Acariformes","Prostigmata","Eleutherengona","Raphignathina","Myobioidea","Archemyobiinae",NA,NA,"Archemyobia"
"MITE","6140",NA,NA,NA,NA,NA,NA,NA,"Austromyobia (Austromyobia) Lawrence, 1954",NA,NA,NA,NA,NA,NA,NA,NA,NA,"Arachnida","Trombidiformes","Myobiidae","Austromyobia","Austromyobia",NA,NA,NA,NA,"Lawrence, 1954",NA,NA,NA,NA,NA,"Acari","Acariformes","Prostigmata","Eleutherengona","Raphignathina","Myobioidea","Myobiinae",NA,NA,"Austromyobia"
"MITE","6154",NA,NA,NA,NA,NA,NA,NA,"Cryptomyobia (Cryptomyobia) Radford, 1954",NA,NA,NA,NA,NA,NA,NA,NA,NA,"Arachnida","Trombidiformes","Myobiidae","Cryptomyobia","Cryptomyobia",NA,NA,NA,NA,"Radford, 1954",NA,NA,NA,NA,NA,"Acari","Acariformes","Prostigmata","Eleutherengona","Raphignathina","Myobioidea","Myobiinae",NA,NA,"Cryptomyobia"
"MITE","6178",NA,NA,NA,NA,NA,NA,NA,"Myobia (Myobia) von Heyden, 1926",NA,NA,NA,NA,NA,NA,NA,NA,NA,"Arachnida","Trombidiformes","Myobiidae","Myobia","Myobia",NA,NA,NA,NA,"von Heyden, 1926",NA,NA,NA,NA,NA,"Acari","Acariformes","Prostigmata","Eleutherengona","Raphignathina","Myobioidea","Myobiinae",NA,NA,"Myobia"
"MITE","6259",NA,NA,NA,NA,NA,NA,NA,"Radfordia (Radfordia) Ewing, 1938",NA,NA,NA,NA,NA,NA,NA,NA,NA,"Arachnida","Trombidiformes","Myobiidae","Radfordia","Radfordia",NA,NA,NA,NA,"Ewing, 1938",NA,NA,NA,NA,NA,"Acari","Acariformes","Prostigmata","Eleutherengona","Raphignathina","Myobioidea","Myobiinae",NA,NA,"Radfordia"
"MITE","6309",NA,NA,NA,NA,NA,NA,NA,"Acanthophthirius (Acanthophthirius) Perkins, 1925",NA,NA,NA,NA,NA,NA,NA,NA,NA,"Arachnida","Trombidiformes","Myobiidae","Acanthophthirius","Acanthophthirius",NA,NA,NA,NA,"Perkins, 1925",NA,NA,NA,NA,NA,"Acari","Acariformes","Prostigmata","Eleutherengona","Raphignathina","Myobioidea","Protomyobiinae","Acanthophthiriini",NA,"Acanthophthirius"
"MITE","6393",NA,NA,NA,NA,NA,NA,NA,"Binuncus (Binuncus) Radford, 1959",NA,NA,NA,NA,NA,NA,NA,NA,NA,"Arachnida","Trombidiformes","Myobiidae","Binuncus","Binuncus",NA,NA,NA,NA,"Radford, 1959",NA,NA,NA,NA,NA,"Acari","Acariformes","Prostigmata","Eleutherengona","Raphignathina","Myobioidea","Protomyobiinae","Acanthophthiriini",NA,"Binuncus"
"MITE","6446",NA,NA,NA,NA,NA,NA,NA,"Eudusbabekia (Eudusbabekia) Jameson, 1971",NA,NA,NA,NA,NA,NA,NA,NA,NA,"Arachnida","Trombidiformes","Myobiidae","Eudusbabekia","Eudusbabekia",NA,NA,NA,NA,"Jameson, 1971",NA,NA,NA,NA,NA,"Acari","Acariformes","Prostigmata","Eleutherengona","Raphignathina","Myobioidea","Protomyobiinae","Acanthophthiriini",NA,"Eudusbabekia"
"MITE","6497",NA,NA,NA,NA,NA,NA,NA,"Ewingana (Ewingana) Radford, 1948",NA,NA,NA,NA,NA,NA,NA,NA,NA,"Arachnida","Trombidiformes","Myobiidae","Ewingana","Ewingana",NA,NA,NA,NA,"Radford, 1948",NA,NA,NA,NA,NA,"Acari","Acariformes","Prostigmata","Eleutherengona","Raphignathina","Myobioidea","Protomyobiinae","Acanthophthiriini",NA,"Ewingana"
"MITE","6512",NA,NA,NA,NA,NA,NA,NA,"Hipposiderobia (Hipposiderobia) Dusbabek, 1968",NA,NA,NA,NA,NA,NA,NA,NA,NA,"Arachnida","Trombidiformes","Myobiidae","Hipposiderobia","Hipposiderobia",NA,NA,NA,NA,"Dusbabek, 1968",NA,NA,NA,NA,NA,"Acari","Acariformes","Prostigmata","Eleutherengona","Raphignathina","Myobioidea","Protomyobiinae","Acanthophthiriini",NA,"Hipposiderobia"
"MITE","6559",NA,NA,NA,NA,NA,NA,NA,"Neomyobia (Neomyobia) Radford, 1948",NA,NA,NA,NA,NA,NA,NA,NA,NA,"Arachnida","Trombidiformes","Myobiidae","Neomyobia","Neomyobia",NA,NA,NA,NA,"Radford, 1948",NA,NA,NA,NA,NA,"Acari","Acariformes","Prostigmata","Eleutherengona","Raphignathina","Myobioidea","Protomyobiinae","Acanthophthiriini",NA,"Neomyobia"
"MITE","6648",NA,NA,NA,NA,NA,NA,NA,"Ugandobia (Ugandobia) Dusbabek, 1968",NA,NA,NA,NA,NA,NA,NA,NA,NA,"Arachnida","Trombidiformes","Myobiidae","Ugandobia","Ugandobia",NA,NA,NA,NA,"Dusbabek, 1968",NA,NA,NA,NA,NA,"Acari","Acariformes","Prostigmata","Eleutherengona","Raphignathina","Myobioidea","Protomyobiinae","Acanthophthiriini",NA,"Ugandobia"
"MITE","6695",NA,NA,NA,NA,NA,NA,NA,"Crocidurobia (Crocidurobia) Jameson, 1950",NA,NA,NA,NA,NA,NA,NA,NA,NA,"Arachnida","Trombidiformes","Myobiidae","Crocidurobia","Crocidurobia",NA,NA,NA,NA,"Jameson, 1950",NA,NA,NA,NA,NA,"Acari","Acariformes","Prostigmata","Eleutherengona","Raphignathina","Myobioidea","Protomyobiinae","Protomyobiini","Amorphacarina","Crocidurobia"
"MITE","6743",NA,NA,NA,NA,NA,NA,NA,"Protomyobia (Protomyobia) Ewing, 1938",NA,NA,NA,NA,NA,NA,NA,NA,NA,"Arachnida","Trombidiformes","Myobiidae","Protomyobia","Protomyobia",NA,NA,NA,NA,"Ewing, 1938",NA,NA,NA,NA,NA,"Acari","Acariformes","Prostigmata","Eleutherengona","Raphignathina","Myobioidea","Protomyobiinae","Protomyobiini","Protomyobiina","Protomyobia"
"MITE","6802",NA,NA,NA,NA,NA,NA,NA,"Ereynetidae Fain, 1957",NA,NA,NA,NA,NA,NA,NA,NA,NA,"Arachnida","Trombidiformes","Ereynetidae",NA,NA,NA,NA,NA,NA,"Fain, 1957",NA,NA,NA,NA,NA,"Acari","Acariformes","Prostigmata","Eupodina",NA,"Tydeoidea","Lawrencarinae","Lawrencarini",NA,"Lawrencarinae"
"MITE","6808",NA,NA,NA,NA,NA,NA,NA,"Lawrencarus (Lawrencarus) Fain, 1967",NA,NA,NA,NA,NA,NA,NA,NA,NA,"Arachnida","Trombidiformes","Ereynetidae","Lawrencarus","Lawrencarus",NA,NA,NA,NA,"Fain, 1967",NA,NA,NA,NA,NA,"Acari","Acariformes","Prostigmata","Eupodina",NA,"Tydeoidea","Lawrencarinae","Lawrencarini",NA,"Lawrencarus"
"MITE","6825",NA,NA,NA,NA,NA,NA,NA,"Ereynetidae Fain, Baker & Tinsley, 1969",NA,NA,NA,NA,NA,NA,NA,NA,NA,"Arachnida","Trombidiformes","Ereynetidae",NA,NA,NA,NA,NA,NA,"Fain, Baker & Tinsley, 1969",NA,NA,NA,NA,NA,"Acari","Acariformes","Prostigmata","Eupodina",NA,"Tydeoidea","Lawrencarinae","Xenopacarini",NA,"Lawrencarinae"
"MITE","6831",NA,NA,NA,NA,NA,NA,NA,"Ereynetidae Fain, 1985",NA,NA,NA,NA,NA,NA,NA,NA,NA,"Arachnida","Trombidiformes","Ereynetidae",NA,NA,NA,NA,NA,NA,"Fain, 1985",NA,NA,NA,NA,NA,"Acari","Acariformes","Prostigmata","Eupodina",NA,"Tydeoidea","Speleognathinae","Boydaiini",NA,"Speleognathinae"
"MITE","6880",NA,NA,NA,NA,NA,NA,NA,"Coboydaia (Coboydaia) Fain, 1985",NA,NA,NA,NA,NA,NA,NA,NA,NA,"Arachnida","Trombidiformes","Ereynetidae","Coboydaia","Coboydaia",NA,NA,NA,NA,"Fain, 1985",NA,NA,NA,NA,NA,"Acari","Acariformes","Prostigmata","Eupodina",NA,"Tydeoidea","Speleognathinae","Boydaiini",NA,"Coboydaia"
"MITE","6888",NA,NA,NA,NA,NA,NA,NA,"Ereynetidae Fain, 1985",NA,NA,NA,NA,NA,NA,NA,NA,NA,"Arachnida","Trombidiformes","Ereynetidae",NA,NA,NA,NA,NA,NA,"Fain, 1985",NA,NA,NA,NA,NA,"Acari","Acariformes","Prostigmata","Eupodina",NA,"Tydeoidea","Speleognathinae","Paraspeleognathopsini",NA,"Speleognathinae"
"MITE","6905",NA,NA,NA,NA,NA,NA,NA,"Ereynetidae Fain, 1985",NA,NA,NA,NA,NA,NA,NA,NA,NA,"Arachnida","Trombidiformes","Ereynetidae",NA,NA,NA,NA,NA,NA,"Fain, 1985",NA,NA,NA,NA,NA,"Acari","Acariformes","Prostigmata","Eupodina",NA,"Tydeoidea","Speleognathinae","Speleochirini",NA,"Speleognathinae"
"MITE","6928",NA,NA,NA,NA,NA,NA,NA,"Ereynetidae Fain, 1957",NA,NA,NA,NA,NA,NA,NA,NA,NA,"Arachnida","Trombidiformes","Ereynetidae",NA,NA,NA,NA,NA,NA,"Fain, 1957",NA,NA,NA,NA,NA,"Acari","Acariformes","Prostigmata","Eupodina",NA,"Tydeoidea","Speleognathinae","Speleognathini",NA,"Speleognathinae"
"MITE","6931",NA,NA,NA,NA,NA,NA,NA,"Ereynetidae Fain, 1985",NA,NA,NA,NA,NA,NA,NA,NA,NA,"Arachnida","Trombidiformes","Ereynetidae",NA,NA,NA,NA,NA,NA,"Fain, 1985",NA,NA,NA,NA,NA,"Acari","Acariformes","Prostigmata","Eupodina",NA,"Tydeoidea","Speleognathinae","Trispeleognathini",NA,"Speleognathinae"
"MITE","6933",NA,NA,NA,NA,NA,NA,NA,"Astrida (Astrida) Fain, 1955",NA,NA,NA,NA,NA,NA,NA,NA,NA,"Arachnida","Trombidiformes","Ereynetidae","Astrida","Astrida",NA,NA,NA,NA,"Fain, 1955",NA,NA,NA,NA,NA,"Acari","Acariformes","Prostigmata","Eupodina",NA,"Tydeoidea","Speleognathinae","Trispeleognathini",NA,"Astrida"
"MITE","6961",NA,NA,NA,NA,NA,NA,NA,"Psittaboydaia (Psittaboydaia) Fain, 1985",NA,NA,NA,NA,NA,NA,NA,NA,NA,"Arachnida","Trombidiformes","Ereynetidae","Psittaboydaia","Psittaboydaia",NA,NA,NA,NA,"Fain, 1985",NA,NA,NA,NA,NA,"Acari","Acariformes","Prostigmata","Eupodina",NA,"Tydeoidea","Speleognathinae","Trispeleognathini",NA,"Psittaboydaia"
"MITE","6987",NA,NA,NA,NA,NA,NA,NA,"Trombidiformes",NA,NA,NA,NA,NA,NA,NA,NA,NA,"Arachnida","Trombidiformes",NA,NA,NA,NA,NA,NA,NA,NA,NA,NA,NA,NA,NA,"Acari","Acariformes","Sphaerolichida",NA,NA,NA,NA,NA,NA,"Trombidiformes"
"MITE","6992",NA,NA,NA,NA,NA,NA,NA,"Arachnida",NA,NA,NA,NA,NA,NA,NA,NA,NA,"Arachnida",NA,NA,NA,NA,NA,NA,NA,NA,NA,NA,NA,NA,NA,NA,"Acari","Parasitiformes",NA,NA,NA,NA,NA,NA,NA,"Arachnida"
"MITE","7004",NA,NA,NA,NA,NA,NA,NA,"Mesostigmata",NA,NA,NA,NA,NA,NA,NA,NA,NA,"Arachnida","Mesostigmata",NA,NA,NA,NA,NA,NA,NA,NA,NA,NA,NA,NA,NA,"Acari","Parasitiformes","Monogynaspida",NA,NA,NA,NA,NA,NA,"Mesostigmata"
"MITE","7006",NA,NA,NA,NA,NA,NA,NA,"Mesostigmata Johnston, 1982",NA,NA,NA,NA,NA,NA,NA,NA,NA,"Arachnida","Mesostigmata",NA,NA,NA,NA,NA,NA,NA,"Johnston, 1982",NA,NA,NA,NA,NA,"Acari","Parasitiformes","Monogynaspida","Gamasina","Arctacariae",NA,NA,NA,NA,"Gamasina"
"MITE","7009",NA,NA,NA,NA,NA,NA,NA,"Mesostigmata Evans & Till, 1979",NA,NA,NA,NA,NA,NA,NA,NA,NA,"Arachnida","Mesostigmata",NA,NA,NA,NA,NA,NA,NA,"Evans & Till, 1979",NA,NA,NA,NA,NA,"Acari","Parasitiformes","Monogynaspida","Gamasina","Dermanyssiae",NA,NA,NA,NA,"Gamasina"
"MITE","7237",NA,NA,NA,NA,NA,NA,NA,"Mesostigmata Kramer, 1885",NA,NA,NA,NA,NA,NA,NA,NA,NA,"Arachnida","Mesostigmata",NA,NA,NA,NA,NA,NA,NA,"Kramer, 1885",NA,NA,NA,NA,NA,"Acari","Parasitiformes","Monogynaspida","Gamasina","Epicriiae",NA,NA,NA,NA,"Gamasina"
"MITE","7245",NA,NA,NA,NA,NA,NA,NA,"Mesostigmata Evans & Till, 1979",NA,NA,NA,NA,NA,NA,NA,NA,NA,"Arachnida","Mesostigmata",NA,NA,NA,NA,NA,NA,NA,"Evans & Till, 1979",NA,NA,NA,NA,NA,"Acari","Parasitiformes","Monogynaspida","Gamasina","Parasitiae",NA,NA,NA,NA,"Gamasina"
"MITE","7288",NA,NA,NA,NA,NA,NA,NA,"Mesostigmata",NA,NA,NA,NA,NA,NA,NA,NA,NA,"Arachnida","Mesostigmata",NA,NA,NA,NA,NA,NA,NA,NA,NA,NA,NA,NA,NA,"Acari","Parasitiformes","Sejida",NA,NA,NA,NA,NA,NA,"Mesostigmata"
"MITE","7296",NA,NA,NA,NA,NA,NA,NA,"Mesostigmata",NA,NA,NA,NA,NA,NA,NA,NA,NA,"Arachnida","Mesostigmata",NA,NA,NA,NA,NA,NA,NA,NA,NA,NA,NA,NA,NA,"Acari","Parasitiformes","Trigynaspida",NA,NA,NA,NA,NA,NA,"Mesostigmata"
